{
    "loss": 4.705979347229004,
    "accuracy": 0.6465517282485962
}