{
    "loss": 0.6673381328582764,
    "accuracy": 0.9482758641242981
}